PATH_NAME,total_len,ncross,ncross_km
R_N1,3236.622647,44,13.594417638022538
R_N2,3123.334174,44,14.087509548698069
R_N3,3248.0103740000004,47,14.470397131804233
R_test1,5562.294353,69,12.404952996201134
R_test1_2,7588.454747,42,5.534723655906912
R_test1_3,6160.100507,74,12.012791011430814
R_test2,5398.118254999999,64,11.855983321728843
R_test2_2,8109.6581559999995,52,6.412107514239347
R_test2_3,5140.16839,63,12.25640781001729
