PATH_NAME,total_len,ncross,ncross_km
O3D2_north,3236.622647,44,13.5944176380225
O3D2_center,3123.334174,44,14.0875095486981
O3D2_south,3248.010374,47,14.4703971318042
O1D1_center,5562.294353,69,12.4049529962011
O1D1_north,7588.454747,42,5.53472365590691
O1D1_south,6160.100507,74,12.0127910114308
O2D1_south,5398.118255,64,11.8559833217288
O2D1_north,8109.658156,52,6.41210751423935
O2D1_center,5140.16839,63,12.2564078100173
